,Str_ID,Cell_left,Mean pairs,Median pairs,Mean transcripts,Total transcripts,progress,partition,Partition_left
0,Xenium_V1_hLung_cancer_section_outs,143122.0,81.85256666666668,43.6,210.65635611576138,30149559.0,100.0%,8,[]
1,Xenium_Preview_Human_Non_diseased_Lung_With_Add_on_FFPE_outs,274110.0,7.954845454545455,1.0,99.74577359454234,27341314.0,78.57142857142857%,14,"[11, 12, 13]"
2,Xenium_Preview_Human_Lung_Cancer_With_Add_on_2_FFPE_outs,516017.0,0,0,171.69328529874016,88596654.0,0.0%,26,"[1, 2, 3, 4, 5, 6, 7, 8, 9, 10, 11, 12, 13, 14, 15, 16, 17, 18, 19, 20, 21, 22, 23, 24, 25, 26]"
3,Xenium_V1_FFPE_Human_Brain_Healthy_With_Addon_outs,NAN,NAN,NAN,NAN,NAN,NAN,26,NAN
4,Xenium_V1_FFPE_Human_Brain_Glioblastoma_With_Addon_outs,NAN,NAN,NAN,NAN,NAN,NAN,26,NAN
5,Xenium_V1_FFPE_Human_Brain_Alzheimers_With_Addon_outs,44806.0,12.0019,8.5,276.1358077043253,12372541.0,66.66666666666666%,3,[1]
6,Xenium_V1_FFPE_Human_Breast_IDC_With_Addon_outs,561705.0,0,0,178.92501401981468,100503075.0,0.0%,29,"[1, 2, 3, 4, 5, 6, 7, 8, 9, 10, 11, 12, 13, 14, 15, 16, 17, 18, 19, 20, 21, 22, 23, 24, 25, 26, 27, 28, 29]"
7,Xenium_V1_hPancreas_Cancer_Add_on_FFPE_outs,184619.0,37.35443333333333,12.571428571428571,152.64782606340626,28181689.0,90.0%,10,[2]
8,Xenium_V1_human_Pancreas_FFPE_outs,81253.0,3.8409714285714287,2.0,64.58723985575917,5247907.0,100.0%,5,[]
9,Xenium_V1_hTonsil_reactive_follicular_hyperplasia_section_FFPE_outs,1203307.0,7.508524999999999,3.2,73.31607478390801,88221746.0,72.1311475409836%,61,"[17, 18, 19, 20, 29, 30, 31, 33, 34, 35, 36, 37, 38, 39, 40, 41, 42]"
10,Xenium_V1_hTonsil_follicular_lymphoid_hyperplasia_section_FFPE_outs,743379.0,11.15993,2.6666666666666665,91.50308523646754,68021472.0,26.31578947368421%,38,"[3, 8, 9, 10, 11, 12, 13, 14, 15, 16, 17, 18, 19, 20, 21, 22, 23, 24, 25, 28, 29, 30, 31, 32, 33, 34, 35, 36]"
11,Xenium_V1_hSkin_nondiseased_section_1_FFPE_outs,31691.0,4.23215,1.5,60.94610457227604,1931443.0,100.0%,2,[]
12,Xenium_V1_hSkin_nondiseased_section_2_FFPE_outs,21156.0,1.5857,1.0,44.72716959727737,946248.0,100.0%,2,[]
13,Xenium_V1_hLiver_nondiseased_section_FFPE_outs,224474.0,16.123408333333334,7.166666666666667,110.49682368559388,24803664.0,100.0%,12,[]
14,Xenium_V1_hLiver_cancer_section_FFPE_outs,159004.0,39.665380000000006,12.25,171.89341777565343,27331741.0,62.5%,8,"[2, 3, 4]"
15,Xenium_V1_hHeart_nondiseased_section_FFPE_outs,23274.0,4.24125,3.0,87.85748045028788,2044795.0,100.0%,2,[]
16,Xeniumranger_V1_hSkin_Melanoma_Add_on_FFPE_outs,86101.0,62.766859999999994,26.2,181.71087443815983,15645488.0,100.0%,5,[]
17,Xenium_V1_hSkin_Melanoma_Base_FFPE_outs,104026.0,103.43431666666667,71.6,224.2679041778017,23329693.0,100.0%,6,[]
18,Xenium_V1_hColon_Non_diseased_Base_FFPE_outs,221100.0,39.423716666666664,6.636363636363637,123.1806512890095,27235242.0,100.0%,12,[]
19,Xenium_V1_hColon_Non_diseased_Add_on_FFPE_outs,260406.0,42.762275,10.571428571428571,145.62945554249902,37922784.0,57.14285714285714%,14,"[9, 10, 11, 12, 13, 14]"
20,Xenium_V1_hColon_Cancer_Base_FFPE_outs,549583.0,32.128475,6.75,114.56230451087461,62961495.0,28.57142857142857%,28,"[1, 7, 8, 9, 11, 12, 14, 15, 16, 17, 18, 19, 20, 21, 22, 23, 25, 26, 27, 28]"
21,Xenium_V1_hColon_Cancer_Add_on_FFPE_outs,541166.0,0,0,144.21309912300478,78043226.0,0.0%,28,"[1, 2, 3, 4, 5, 6, 7, 8, 9, 10, 11, 12, 13, 14, 15, 16, 17, 18, 19, 20, 21, 22, 23, 24, 25, 26, 27, 28]"
22,Xenium_V1_hLung_cancer_section_outs,143122.0,81.85256666666668,43.6,210.65635611576138,30149559.0,100.0%,8,[]
23,Xenium_V1_hLymphNode_nondiseased_section_outs,321423.0,7.253138461538461,2.5,67.14454472766417,21581801.0,76.47058823529412%,17,"[1, 2, 3, 14]"
24,Xenium_V1_humanLung_Cancer_FFPE_outs,124761.0,6.998514285714285,2.0,78.81791585511498,9833402.0,100.0%,7,[]
25,Xenium_Prime_Human_Ovary_FF_outs,NAN,NAN,NAN,NAN,NAN,NAN,7,NAN
26,Xenium_Prime_Ovarian_Cancer_FFPE_outs,NAN,NAN,NAN,NAN,NAN,NAN,7,NAN
27,Xenium_Prime_Cervical_Cancer_FFPE_outs,NAN,NAN,NAN,NAN,NAN,NAN,7,NAN
28,Xenium_Prime_Human_Skin_FFPE_outs,NAN,NAN,NAN,NAN,NAN,NAN,7,NAN
29,Xenium_Prime_Human_Prostate_FFPE_outs,NAN,NAN,NAN,NAN,NAN,NAN,7,NAN
30,Xenium_Prime_Human_Lymph_Node_Reactive_FFPE_outs,NAN,NAN,NAN,NAN,NAN,NAN,7,NAN
31,Xenium_V1_Human_Ovarian_Cancer_Addon_FFPE_outs,200917.0,6.103727272727273,1.0,85.87856179417372,17254463.0,100.0%,11,[]
32,Xenium_V1_Human_Lung_Cancer_Addon_FFPE_outs,154379.0,38.1275,12.0,224.7581925002753,34697945.0,12.5%,8,"[1, 3, 4, 5, 6, 7, 8]"
33,Xenium_V1_Human_Ductal_Adenocarcinoma_FFPE_outs,167969.0,18.50268,3.75,95.68819246408563,16072650.0,55.55555555555556%,9,"[1, 2, 3, 4]"
34,Xenium_V1_Human_Colorectal_Cancer_Addon_FFPE_outs,356853.0,26.302342857142857,6.1,127.00553729406786,45322307.0,38.88888888888889%,18,"[4, 5, 6, 11, 12, 13, 14, 15, 16, 17, 18]"
35,Xenium_V1_Human_Brain_GBM_FFPE_outs,806148.0,0,0,195.19526811453977,157356275.0,0.0%,41,"[1, 2, 3, 4, 5, 6, 7, 8, 9, 10, 11, 12, 13, 14, 15, 16, 17, 18, 19, 20, 21, 22, 23, 24, 25, 26, 27, 28, 29, 30, 31, 32, 33, 34, 35, 36, 37, 38, 39, 40, 41]"
36,Xenium_V1_hBoneMarrow_acute_lymphoid_leukemia_section_outs,123213.0,0.9420400000000001,0.0,51.146007320656096,6301853.0,71.42857142857143%,7,"[1, 2]"
37,Xenium_V1_hBoneMarrow_nondiseased_section_outs,11540.0,0.4102,0.0,45.0813691507799,520239.0,100.0%,1,[]
38,Xenium_V1_hBone_nondiseased_section_outs,9032.0,1.252,0.0,59.66242249778565,538871.0,100.0%,1,[]
39,Xenium_V1_FFPE_Human_Breast_IDC_Big_1_outs,829170.0,0,0,151.30563696226346,125458095.0,0.0%,42,"[1, 2, 3, 4, 5, 6, 7, 8, 9, 10, 11, 12, 13, 14, 15, 16, 17, 18, 19, 20, 21, 22, 23, 24, 25, 26, 27, 28, 29, 30, 31, 32, 33, 34, 35, 36, 37, 38, 39, 40, 41, 42]"
40,Xenium_V1_FFPE_Human_Breast_IDC_Big_2_outs,821196.0,0,0,147.73036035246153,121315581.0,0.0%,42,"[1, 2, 3, 4, 5, 6, 7, 8, 9, 10, 11, 12, 13, 14, 15, 16, 17, 18, 19, 20, 21, 22, 23, 24, 25, 26, 27, 28, 29, 30, 31, 32, 33, 34, 35, 36, 37, 38, 39, 40, 41, 42]"
41,Xenium_V1_FFPE_Human_Breast_IDC_With_Addon_outs,561705.0,0,0,178.92501401981468,100503075.0,0.0%,29,"[1, 2, 3, 4, 5, 6, 7, 8, 9, 10, 11, 12, 13, 14, 15, 16, 17, 18, 19, 20, 21, 22, 23, 24, 25, 26, 27, 28, 29]"
42,Xenium_V1_FFPE_Human_Breast_ILC_With_Addon_outs,355252.0,31.6262,16.0,150.0030260209654,53288875.0,5.555555555555555%,18,"[1, 3, 4, 5, 6, 7, 8, 9, 10, 11, 12, 13, 14, 15, 16, 17, 18]"
43,Xenium_V1_FFPE_Human_Breast_IDC_outs,556181.0,0,0,154.6366344769059,86005958.0,0.0%,28,"[1, 2, 3, 4, 5, 6, 7, 8, 9, 10, 11, 12, 13, 14, 15, 16, 17, 18, 19, 20, 21, 22, 23, 24, 25, 26, 27, 28]"
44,Xenium_V1_FFPE_Human_Breast_ILC_outs,340307.0,27.0962,14.25,127.17309958361128,43277896.0,27.77777777777778%,18,"[1, 2, 3, 4, 5, 6, 7, 8, 9, 10, 16, 17, 18]"
45,Xenium_V1_hPancreas_nondiseased_section_outs,102760.0,16.725033333333332,13.0,132.64199104710005,13630291.0,50.0%,6,"[1, 2, 3]"
46,Xenium_V1_hKidney_nondiseased_section_outs,79174.0,11.584275,4.333333333333333,94.02532396999015,7444361.0,100.0%,4,"[1, 2]"
47,Xenium_V1_hKidney_cancer_section_outs,49927.0,11.6465,1.0,95.79682336210868,4782848.0,66.66666666666666%,3,[3]
