gene,pval,pval_adj,logfoldchanges,cluster
LTB,8.041650329140613e-62,4.824990197484367e-59,8.078968,0
NPM1,4.546445746581225e-46,1.81857829863249e-43,4.055139,0
SELL,7.451589865827636e-42,2.2354769597482906e-39,3.5625405,0
YBX1,1.5987455535745818e-29,3.8369893285789965e-27,2.4030402,0
IER2,1.065352437944658e-28,2.130704875889316e-26,3.136789,0
PLAC8,3.8759559532967096e-28,6.644495919937216e-26,2.3872786,0
HNRNPA1,2.642858946761171e-24,3.964288420141756e-22,3.3806407,0
JUND,1.348536186242188e-23,1.7980482483229172e-21,2.3389137,0
LYZ,1.4048572276830443e-21,1.5325715211087755e-19,2.3101737,0
FOSB,1.2768187103376114e-21,1.5321824524051337e-19,2.7387605,0
S100A8,6.145578676437943e-20,5.6728418551734854e-18,2.41007,0
CD52,2.151123615636298e-18,1.7208988925090382e-16,4.0861263,0
S100A9,1.8676806156288645e-18,1.6008690991104552e-16,1.9044355,0
ACTG1,2.5994972260218853e-17,1.949622919516414e-15,4.303857,0
FTL,4.704965305690885e-16,3.3211519804876835e-14,3.155937,0
PA2G4,3.66497083547664e-12,2.198982501285984e-10,1.3577465,0
PTMA,6.813107155334617e-11,3.716240266546155e-09,4.5482206,0
VSIG1,4.487164626736112e-11,2.564094072420635e-09,3.9069135,0
GYPC,5.970515313532731e-10,3.115051467930121e-08,1.132058,0
CCR7,7.41119573378193e-10,3.7055978668909645e-08,1.7009041,0
AIF1,1.907893989711517e-09,9.157891150615282e-08,1.66206,0
PPP1R14B,2.8565716506361994e-09,1.318417684909015e-07,2.7005725,0
S100A12,4.061809130074059e-09,1.8052485022551376e-07,24.975714,0
CHI3L2,7.981651101218129e-09,3.4207076148077696e-07,3.2864602,0
TKT,1.1036828516200865e-08,4.414731406480346e-07,1.1550175,0
PASK,1.9066788404070172e-08,7.380692285446519e-07,1.6660641,0
FXN,2.4657036510319353e-08,9.246388691369757e-07,2.2329264,0
NME4,2.685654722584961e-08,9.766017173036222e-07,2.01556,0
DUT,6.473056993002583e-08,2.219333826172314e-06,1.1146332,0
CMTM8,7.652164303823017e-08,2.4817830174561135e-06,1.9901901,0
TRAP1,7.210439110234671e-08,2.403479703411557e-06,2.4171717,0
NEAT1,8.395750926219023e-08,2.651289766174428e-06,1.4902556,0
VIM,1.08890759509403e-07,3.3504849079816306e-06,2.4958575,0
HMGB1,2.4344482892566297e-07,7.303344867769889e-06,1.0816131,0
BRI3,3.529234950341641e-07,1.0329468147341389e-05,1.5722339,0
GLRX5,4.815829573333521e-07,1.3759513066667202e-05,1.4962066,0
CCT2,5.427134581381155e-07,1.5145491855017176e-05,1.1739441,0
TUBB,1.0794157711921358e-06,2.878442056512362e-05,0.98625004,0
LIMS1,1.736726938728961e-06,4.4341964393079854e-05,1.146216,0
AP1S2,2.9276537436422098e-06,6.888597043864023e-05,1.1002539,0
HMGA1,3.0886411341542814e-06,7.109317549954073e-05,1.0403663,0
ZFP36L1,3.139948584563049e-06,7.109317549954073e-05,0.95879483,0
MAP2K2,4.848007553238334e-06,0.00010577471025247274,1.3326002,0
SSR4,5.140955606428803e-06,0.00011016333442347435,0.7593242,0
SERBP1,7.321730674527973e-06,0.00014643461349055946,0.85399103,0
SLC40A1,7.029885226491764e-06,0.00014522784070481536,1.9027667,0
KLRF1,7.140368834653422e-06,0.00014522784070481536,24.117266,0
PHACTR1,7.140368834653422e-06,0.00014522784070481536,24.117266,0
LMO7,7.494619726173785e-06,0.0001474351421542384,3.1900842,0
METAP2,9.333940319719503e-06,0.00018065690941392585,1.0678803,0
SUB1,1.2688154884000281e-05,0.00024167914064762442,0.83375067,0
NPC2,1.5355509264226463e-05,0.00028124201393206466,0.90555733,0
HMBS,1.3976198761984859e-05,0.00026205372678721607,3.0756469,0
PAICS,1.5468310766263558e-05,0.00028124201393206466,1.7933683,0
IER5,1.7880441220455677e-05,0.0003202467084260718,1.4130825,0
LST1,1.9653557928379162e-05,0.00034682749285374996,1.3096371,0
UBAC1,2.0278569943072803e-05,0.0003526707816186574,2.0084088,0
ACTB,2.665690096241806e-05,0.0004442816827069677,6.5461326,0
CCT6A,3.3966532654652685e-05,0.0005488728801797693,0.96754515,0
CD79B,3.430455501123558e-05,0.0005488728801797693,1.5960182,0
RAN,3.651575430530655e-05,0.0005690766904723099,0.773235,0
HEMGN,3.41087353974734e-05,0.0005488728801797693,24.320858,0
SOCS2,3.6463436533391574e-05,0.0005690766904723099,1.5903354,0
TMEM14B,4.3213588870462546e-05,0.0006564089448677856,0.826964,0
CD36,4.21846787468195e-05,0.0006489950576433769,24.117266,0
JUN,5.0139667091523916e-05,0.0007520950063728588,2.2977614,0
NME1,5.265480490283253e-05,0.000780071183745667,1.3605788,0
NUP214,6.971175932776081e-05,0.0009966526824791862,2.1214204,0
SLIRP,8.058246778602209e-05,0.0011244065272468197,0.99568045,0
MKRN1,9.72332264162781e-05,0.0013356950982279896,0.91389537,0
UROS,9.795097387005256e-05,0.0013356950982279896,1.2256093,0
ECI2,0.00010699207147311448,0.0014425897277273861,1.2115651,0
FBLN5,0.00013154302960024063,0.0017539070613365418,1.6537964,0
PRR4,0.00013442386385820767,0.0017726223805477935,1.8751837,0
HBA1,0.0001562916924649755,0.0020385872930214198,23.792728,0
SLC7A7,0.00017612420468446718,0.0022483941023549,23.59878,0
HOXB2,0.0002483038252797035,0.003071799900367466,1.2144461,0
FGR,0.00024356690142665182,0.0030445862678331478,2.8164673,0
ISOC2,0.0002544866292155728,0.0031161628067213,1.5980502,0
SLC25A39,0.0002625913341647337,0.003182925262602833,0.9659187,0
NCL,0.0003129692527009687,0.0037184465667441822,0.6538299,0
PARD6B,0.0003018119540866647,0.0036217434490399764,23.491213,0
RGL4,0.0003465280737884709,0.004037220277147234,1.0860846,0
IFIT3,0.00034446301236913397,0.004037220277147234,24.442457,0
HIST1H4C,0.00041381346238060415,0.0047747707197762015,0.97014594,0
S100B,0.00043868622042750414,0.005013556804885762,25.130333,0
IL32,0.000515985372449727,0.005797331924952163,1.7799766,0
REXO2,0.0005217598732456946,0.005797331924952163,0.889156,0
CMBL,0.0005181788047782095,0.005797331924952163,23.375084,0
TMEM176B,0.0005644558537431553,0.006214192885245747,23.698967,0
EGR1,0.0006138888936193188,0.006696969748574387,1.121667,0
FCN1,0.0006362769525980364,0.00681725306355039,1.8979952,0
GSTP1,0.0007103337726288245,0.007543367496943269,0.71456015,0
PRDX2,0.0007591817908843053,0.007921896948357968,0.6417433,0
SLC2A1,0.0007296176108916231,0.007680185377806559,2.1871846,0
GNLY,0.000823167410773441,0.008515524939035596,1.55427,0
EMP2,0.0008916831365980337,0.008943749965017003,23.248901,0
IFIT2,0.0008943749965017004,0.008943749965017003,25.800762,0
SLC25A37,0.001395673044020266,0.013727931580527207,1.2033532,0
PILRA,0.001538626191386764,0.015010987233041602,23.110746,0
RANBP1,0.0018754341964718824,0.01806182413319713,0.6879329,0
MT1F,0.0020874151352398445,0.019417815211533438,1.0824556,0
CTSZ,0.0020706248934327614,0.019417815211533438,1.650637,0
PTCH2,0.0020814143206666913,0.019417815211533438,2.502208,0
METTL13,0.0021943770584859244,0.02013099039132436,1.5958863,0
UROD,0.0023059323638981877,0.020963021489983524,1.1075578,0
MCM7,0.0024193786524546765,0.021828980322899337,1.4998418,0
ZWINT,0.0024925995144138503,0.022321786696243438,2.768508,0
RUVBL2,0.002644765453806808,0.023332985423700693,1.4801468,0
LILRB2,0.0026638491692058293,0.023332985423700693,22.958092,0
CD33,0.0026638491692058293,0.023332985423700693,22.958092,0
CD8B,0.0028995832554939904,0.025184320538984697,1.4546188,0
RNF145,0.003037161191186485,0.02603281021016987,0.88588184,0
HIST1H2AG,0.0030658047046151706,0.02609195493289507,2.4426615,0
HVCN1,0.0031850969114384595,0.026916311927648953,2.502208,0
VCAN,0.0035179349165067905,0.02952113216649055,1.7056204,0
PTP4A3,0.003810396956174485,0.03175330796812071,1.3301156,0
TIMM13,0.0038620249208638343,0.03196158555197656,0.708518,0
FCGR3A,0.003916783194110583,0.032192738581730815,1.8979952,0
MAFB,0.004489787521936375,0.036159362592776176,2.380608,0
EPS8L1,0.0046311170574016595,0.036561450453170996,22.787516,0
TFR2,0.0046311170574016595,0.036561450453170996,22.787516,0
NMNAT3,0.0046311170574016595,0.036561450453170996,22.787516,0
PF4,0.004864839693140279,0.038155605436394346,24.442457,0
ARV1,0.005503639816195679,0.042608824383450414,1.480054,0
TUBA1B,0.005477137955971508,0.042608824383450414,0.635952,0
MYOM2,0.0057288234081476755,0.04406787237036673,1.9856912,0
PPBP,0.005782687193050646,0.04419888300420876,26.156586,0
IGKC,0.004325392999270073,0.03507075404813573,-0.99691147,0
DCN,0.004113029640217735,0.03357575216504274,-1.752228,0
HSPE1,0.0029171837957657275,0.025184320538984697,-0.9274856,0
MTRNR2L12,0.002197633117719576,0.02013099039132436,-0.8604297,0
HLA-DQB1,0.002075687122137696,0.019417815211533438,-0.9282271,0
C12orf75,0.0018814400138747011,0.01806182413319713,-0.95635587,0
HLA-DRB1,0.0010065056801091437,0.009981874513479112,-0.9831696,0
GZMA,0.0008928312886850708,0.008943749965017003,-1.0600486,0
HMGB2,0.0008775330639188643,0.008943749965017003,-1.0086172,0
CCL5,0.0006285562028573909,0.006795202193052874,-1.6829017,0
CLU,0.0002325410139157186,0.0029373601757774984,-1.102335,0
CEBPD,0.0001756338415479145,0.0022483941023549,-1.826494,0
DUSP2,7.493874122819081e-05,0.0010579586996921056,-1.4603255,0
KLF6,6.976568777354304e-05,0.0009966526824791862,-1.49193,0
LGALS3,6.113628949702072e-05,0.000894677407273474,-1.2193204,0
CST7,2.3213005692058213e-05,0.000392332490569998,-1.1735585,0
C1QA,2.239920329750788e-05,0.00038398634224299225,-1.9890673,0
HSPA1B,4.060583407246886e-06,9.023518682770857e-05,-2.2959836,0
HERPUD1,2.277902953780278e-06,5.4669670890726675e-05,-1.2218431,0
BATF,1.8926792175343704e-06,4.635132777635193e-05,-1.5069237,0
DUSP1,1.8709215092807744e-06,4.635132777635193e-05,-2.669037,0
NFKBIA,1.5615527953437825e-06,4.073615987853346e-05,-2.5740764,0
ALOX5AP,9.76010279666919e-07,2.6618462172734154e-05,-1.2432802,0
HSP90AA1,3.159622032400469e-08,1.1151607173178127e-06,-4.544707,0
ID2,9.902613716068986e-09,4.0976332618216495e-07,-2.3953826,0
ZFP36,1.9689649615898882e-12,1.243556817846245e-10,-4.32717,0
RGS1,1.1600343934533137e-12,7.733562623022092e-11,-7.230083,0
SRGN,1.222149970331999e-20,1.222149970331999e-18,-5.991694,0
CXCR4,7.654110761035544e-62,4.824990197484367e-59,-18.19922,0
CXCR4,1.0790143177810423e-15,1.8497388304817868e-13,18.084976,1
SRGN,1.1734234511347338e-06,3.610533695799181e-05,6.42307,1
RGS1,0.00015528743974244677,0.0023871040744100204,10.001764,1
ZFP36,0.0002454245817842574,0.0035060654540608194,4.3169513,1
KLF6,0.0016935345960347942,0.017369585600356865,2.2603326,1
HSP90AA1,0.0017115140515664665,0.017405227643048814,4.695591,1
BATF,0.0020661464457034807,0.020835090208774595,1.7393131,1
HERPUD1,0.003701723288707703,0.03497691296416727,1.4031909,1
C1QA,0.00505721092897455,0.04429673806401066,2.3586447,1
PPBP,0.005789892817264091,0.04998468619220798,-25.92994,1
PF4,0.00487155486181878,0.0433027098828336,-24.220926,1
CKB,0.004637692500589295,0.041531574632142944,-22.567553,1
VMO1,0.004637692500589295,0.041531574632142944,-22.567553,1
NMNAT3,0.004637692500589295,0.041531574632142944,-22.567553,1
EPS8L1,0.004637692500589295,0.041531574632142944,-22.567553,1
MDK,0.004637692500589295,0.041531574632142944,-22.567553,1
TFR2,0.004637692500589295,0.041531574632142944,-22.567553,1
EREG,0.004469291442578253,0.041531574632142944,-23.028662,1
NPC2,0.005310248003916361,0.0461760695992727,-0.95484537,1
TMEM14B,0.004997350969862314,0.04409427326349101,-0.9864435,1
MSR1,0.0026689144152317076,0.025828204018371364,-22.738037,1
CD33,0.0026689144152317076,0.025828204018371364,-22.738037,1
LILRB2,0.0026689144152317076,0.025828204018371364,-22.738037,1
SPP1,0.0026689144152317076,0.025828204018371364,-22.738037,1
PTMA,0.003465974029897614,0.03300927647521537,-3.8984094,1
SCD,0.0022536391836653303,0.0225363918366533,-23.028662,1
TKT,0.0028301261523088475,0.027169211062164935,-1.0508364,1
FSCN1,0.001592794534395908,0.01647718483857836,-23.27079,1
PILRA,0.0015423947362348425,0.01609455376940705,-22.890598,1
SLC34A2,0.0015423947362348425,0.01609455376940705,-22.890598,1
PRSS21,0.0015423947362348425,0.01609455376940705,-22.890598,1
IFIT2,0.0008971117397166002,0.009786673524181094,-25.575705,1
EMP2,0.0008944148408970754,0.009786673524181094,-23.028662,1
FCER1A,0.0008944148408970754,0.009786673524181094,-23.028662,1
GYPC,0.001282066446521581,0.013736426212731226,-1.0124613,1
CCR10,0.000680288404508134,0.007774724622950104,-24.793257,1
VIM,0.0009773424237836028,0.010565864040903815,-2.341868,1
TRAP1,0.0008073300299112026,0.009054168559751805,-2.3442986,1
TMEM176B,0.0005665062559691521,0.006536610645797908,-23.47836,1
CXCL1,0.0005201191236286724,0.006059640275285503,-23.154753,1
PRC1,0.0005201191236286724,0.006059640275285503,-23.154753,1
TMEM176A,0.0005201191236286724,0.006059640275285503,-23.154753,1
PLBD1,0.0005201191236286724,0.006059640275285503,-23.154753,1
CMBL,0.0005201191236286724,0.006059640275285503,-23.154753,1
PCOLCE,0.0005201191236286724,0.006059640275285503,-23.154753,1
PAICS,0.0007094470282023986,0.008031475790970551,-2.3442986,1
CHST2,0.00045436989054136026,0.005679623631767003,-23.378263,1
LGALS2,0.00045436989054136026,0.005679623631767003,-23.378263,1
S100B,0.0004404267047906806,0.0056224685717959225,-24.907415,1
PCSK1N,0.0003996093400991001,0.0051562495496658076,-24.580997,1
IFIT3,0.00034594526738391927,0.004561915613853881,-24.220926,1
TRIM58,0.0003031678399247125,0.004042237865662834,-23.27079,1
PARD6B,0.0003031678399247125,0.004042237865662834,-23.27079,1
MT1A,0.0003031678399247125,0.004042237865662834,-23.27079,1
CD300E,0.0003031678399247125,0.004042237865662834,-23.27079,1
HMGA1,0.0004692626332504629,0.00580531092680985,-1.2318715,1
IRF8,0.00024926365633509923,0.003519016324730813,-23.967146,1
GLRX5,0.00036630865058724594,0.004777938920703208,-1.7998995,1
UBE2S,0.0003030203573269673,0.004042237865662834,-2.063919,1
SLC7A7,0.00017705904424257586,0.0025911079645255003,-23.378263,1
MS4A7,0.00017705904424257586,0.0025911079645255003,-23.378263,1
MT1E,0.00017274261979179895,0.0025911079645255003,-2.993207,1
CNKSR2,0.000157151018231993,0.0023871040744100204,-23.57203,1
HBA1,0.000157151018231993,0.0023871040744100204,-23.57203,1
CAV1,0.0001568490836830266,0.0023871040744100204,-23.967146,1
NME1,0.0002030982366385542,0.002936360047786326,-2.063919,1
TUBG1,0.00010358029086663669,0.0017271586312995987,-23.47836,1
C15orf48,0.00010358029086663669,0.0017271586312995987,-23.47836,1
CSF3R,0.00010358029086663669,0.0017271586312995987,-23.47836,1
TM4SF1,0.00010358029086663669,0.0017271586312995987,-23.47836,1
CDKN1C,9.090418939485056e-05,0.0016281347354301593,-24.220926,1
FXN,0.0001462798300361645,0.0023721053519378025,-2.494348,1
IFIT1,8.43125809250404e-05,0.0015329560168189163,-23.896196,1
SEC11C,0.0001379505364398601,0.0022676800510661936,-1.6093489,1
FTL,0.00015112012037160592,0.0023871040744100204,-2.6842625,1
MT1M,6.0681048627022694e-05,0.0011202655131142651,-23.57203,1
PLA2G2A,6.0681048627022694e-05,0.0011202655131142651,-23.57203,1
EGR1,0.00010362951787797592,0.0017271586312995987,-2.027952,1
KCTD12,5.453486025159073e-05,0.0010387592428874426,-23.743074,1
CD36,4.25143224431293e-05,0.0008228578537379864,-23.896196,1
TNFAIP2,3.559238254403222e-05,0.0007001780172596502,-23.660051,1
HEMGN,3.438945002264076e-05,0.0006877890004528152,-24.099512,1
HES4,3.0566409834723353e-05,0.0006216896915536953,-24.03482,1
RND1,2.2548820579198424e-05,0.000474712012193651,-24.220926,1
MPEG1,2.0898466399635478e-05,0.00044782427999218876,-23.743074,1
IGSF6,2.0898466399635478e-05,0.00044782427999218876,-23.743074,1
LIMS1,2.3544296483490557e-05,0.00048712337552049426,-1.6182148,1
UROS,2.028521977171608e-05,0.00044782427999218876,-2.2514875,1
PHACTR1,7.2234567581531745e-06,0.0001733629621956762,-23.896196,1
CES1,7.2234567581531745e-06,0.0001733629621956762,-23.896196,1
KLRF1,7.2234567581531745e-06,0.0001733629621956762,-23.896196,1
RNASE6,5.335237466659574e-06,0.00013918010782590194,-24.161472,1
ACTG1,1.2425982747267398e-05,0.0002813430055985071,-3.2788053,1
NCF2,3.173978749291435e-06,8.656305679885732e-05,-24.220926,1
TUBB,9.263111553165462e-06,0.0002137641127653568,-1.375716,1
CMTM8,6.715377261072404e-06,0.00017145644070823158,-2.7572277,1
PHGDH,2.3858443041136895e-06,6.816698011753398e-05,-24.33308,1
PA2G4,8.17728209308769e-06,0.00019240663748441622,-1.452565,1
HVCN1,1.8878688302219008e-06,5.525469746990929e-05,-24.27807,1
NME4,4.172943606085537e-06,0.000111278496162281,-2.7812638,1
FGFBP2,1.3637937046404857e-06,4.091381113921457e-05,-24.220926,1
SPI1,8.061256074482263e-07,2.5456598129943986e-05,-24.27807,1
CCR7,2.758529644005566e-06,7.698222262341115e-05,-1.9824408,1
HIST1H2AG,5.125741289883571e-07,1.6624025805027798e-05,-24.220926,1
PTCH2,3.0231198225778585e-07,1.0364982248838372e-05,-24.27807,1
TPM2,2.817671858548893e-07,9.944724206643153e-06,-24.386108,1
MOB3C,2.3582359473743873e-07,8.843384802653952e-06,-24.486765,1
PASK,4.953344057974523e-07,1.651114685991508e-05,-2.1724818,1
FGR,3.445079964463111e-08,1.3780319857852443e-06,-24.580997,1
HNRNPA1,2.43524494326309e-07,8.855436157320327e-06,-2.9879582,1
CD52,1.029191466873105e-07,3.9839669685410515e-06,-3.89737,1
LXN,6.138221478364079e-09,2.539953715185136e-07,-24.793257,1
S100A12,4.210880001067028e-09,1.8715022226964568e-07,-24.753166,1
CD14,8.696434976692127e-10,4.348217488346064e-08,-24.870329,1
LMO7,7.590435759642236e-10,3.9948678197103024e-08,-24.943602,1
HMBS,5.403728451944572e-10,3.087844829682612e-08,-24.832293,1
PDLIM1,4.843542615614809e-10,2.9061255693688852e-08,-25.080149,1
MAP2K2,3.977682711818596e-09,1.8358535593008903e-07,-2.759872,1
AP1S2,4.578378348235689e-09,1.9621621492438664e-07,-2.492436,1
FOSB,7.656829987778079e-10,3.9948678197103024e-08,-2.2354267,1
S100A9,1.544522449068186e-09,7.413707755527292e-08,-2.0956337,1
MMD,6.772873527083418e-12,5.079655145312563e-10,-25.234964,1
ALAD,4.479220186571344e-12,3.583376149257075e-10,-25.205256,1
S100A8,3.68927283022988e-11,2.6041925860446213e-09,-2.5825195,1
NPM1,1.838920280878456e-10,1.1614233352916564e-08,-3.3249116,1
YBX1,1.2892366418377327e-10,8.594910945584885e-09,-2.272724,1
ST6GALNAC4,4.870800785771035e-13,4.870800785771035e-11,-25.37528,1
ARV1,1.9487236969520883e-13,2.1258803966750054e-11,-25.320715,1
CHI3L2,9.362540933125904e-14,1.1235049119751086e-11,-26.037664,1
HLA-DMB,9.032521885746168e-14,1.1235049119751086e-11,-25.644508,1
IER2,7.352566986724248e-13,6.786984910822383e-11,-2.65153,1
PLAC8,1.665436498396873e-12,1.427516998625891e-10,-2.5289419,1
JUND,6.682020370705056e-14,1.0023030556057584e-11,-2.2873607,1
VSIG1,5.450119693563745e-16,1.090023938712749e-13,-25.644508,1
UBAC1,2.04311049834783e-17,4.9034651960347915e-15,-25.814077,1
LYZ,4.010453185884444e-18,1.203135955765333e-15,-3.2688334,1
AIF1,6.0128731783931475e-24,2.405149271357259e-21,-4.4596,1
SELL,3.7476810652235105e-33,2.2486086391341062e-30,-4.3250256,1
LTB,4.806130417051424e-40,5.767356500461709e-37,-7.591656,1
CXCR4,3.1882405145044006e-14,7.651777234810562e-12,12.785634,2
SRGN,4.01240582740455e-05,0.0011197411611361533,4.8179116,2
ZFP36,0.00014340181162022432,0.0033092725758513304,4.0406704,2
RGS1,0.002677184713903172,0.032781853639630675,5.323537,2
HMGA1,0.004140441759637164,0.049685301115645966,-1.1308354,2
LILRB2,0.0026690097576392256,0.032781853639630675,-22.733559,2
CTGF,0.0026690097576392256,0.032781853639630675,-22.733559,2
GAS6,0.0026690097576392256,0.032781853639630675,-22.733559,2
CD33,0.0026690097576392256,0.032781853639630675,-22.733559,2
IGHG3,0.0026690097576392256,0.032781853639630675,-22.733559,2
TKT,0.0031340751713193893,0.037988789955386536,-1.0784502,2
FSCN1,0.0015928667842525232,0.021238223790033643,-23.266304,2
EGR1,0.0021106839733052015,0.027530660521372197,-1.5923071,2
KRT8,0.001542465685072489,0.021033622978261213,-22.886118,2
PILRA,0.001542465685072489,0.021033622978261213,-22.886118,2
S100A2,0.001542465685072489,0.021033622978261213,-22.886118,2
KRT1,0.00147381165370143,0.020806752758137835,-24.03032,2
TRAP1,0.0017370460492145575,0.022906101747884274,-2.2501748,2
PAICS,0.0015670762634922536,0.021129118159446115,-2.2501748,2
FCN3,0.0010448258653705158,0.015105916125838783,-23.473871,2
IFIT2,0.0008971632750221532,0.013291307778105972,-25.57113,2
MEF2C,0.0008944662813854138,0.013291307778105972,-23.02418,2
CD93,0.0008944662813854138,0.013291307778105972,-23.02418,2
APOBEC3A,0.0008944662813854138,0.013291307778105972,-23.02418,2
EMP2,0.0008944662813854138,0.013291307778105972,-23.02418,2
AIF1,0.0011150237475409596,0.015928910679156565,-1.4610428,2
SLC40A1,0.0010113790796215838,0.014800669457876838,-1.9287618,2
MT1F,0.0008851476867069726,0.013291307778105972,-1.9287618,2
TMEM176B,0.0005665448753569393,0.009187214194977393,-23.473871,2
ABCA3,0.0005201556711845825,0.008550504183856151,-23.150269,2
SNCA,0.0005201556711845825,0.008550504183856151,-23.150269,2
CXCL1,0.0005201556711845825,0.008550504183856151,-23.150269,2
CMBL,0.0005201556711845825,0.008550504183856151,-23.150269,2
PLBD1,0.0005201556711845825,0.008550504183856151,-23.150269,2
IER5,0.0007487770950142962,0.011980433520228739,-1.6285441,2
CHST2,0.00045440335513638745,0.008018882737700957,-23.373777,2
LGALS2,0.00045440335513638756,0.008018882737700957,-23.373777,2
S100B,0.0004404594911537018,0.008008354384612759,-24.902884,2
CD160,0.00040825930877192714,0.007544063166357978,-23.81714,2
IFIT3,0.0003459731930498589,0.006589965581902074,-24.216421,2
CD300E,0.00030319338671940243,0.005964460066611195,-23.266304,2
PARD6B,0.00030319338671940243,0.005964460066611195,-23.266304,2
EGFL7,0.0002671118483248776,0.005432783355760222,-23.473871,2
TCF7L2,0.0002671118483248776,0.005432783355760222,-23.473871,2
SELL,0.0004086367548443905,0.007544063166357978,-1.8554589,2
MS4A7,0.00017707666371002156,0.0037279297623162436,-23.373777,2
SLC7A7,0.00017707666371002156,0.0037279297623162436,-23.373777,2
CD52,0.00033577367632994624,0.0064988453483215405,-3.1917484,2
HBA1,0.00015716721570013074,0.0034291028880028525,-23.567537,2
CNKSR2,0.00015716721570013074,0.0034291028880028525,-23.567537,2
CAV1,0.0001568652591105132,0.0034291028880028525,-23.962646,2
TPPP3,0.00010359230701096383,0.002486215368263132,-23.473871,2
RGS18,7.14045626712421e-05,0.0017851140667810524,-23.81714,2
CCDC144A,6.068916522257144e-05,0.0015495106014273559,-23.567537,2
MGST1,6.068916522257144e-05,0.0015495106014273559,-23.567537,2
KCTD12,5.4542356569905594e-05,0.0014544628418641493,-23.738579,2
ACTG1,9.428435194501743e-05,0.0023090045374289984,-2.9475172,2
YBX1,0.00011306223161579032,0.002660287802724478,-1.5883182,2
CD36,4.252054187990465e-05,0.0011596511421792177,-23.891699,2
HEMGN,3.439474723571058e-05,0.000982707063877445,-24.095009,2
MARCO,2.0902082585103917e-05,0.0006270624775531176,-23.738579,2
MPEG1,2.0902082585103917e-05,0.0006270624775531176,-23.738579,2
ZWINT,1.948407073990438e-05,0.000615286444418033,-24.530115,2
NEAT1,3.360972915114937e-05,0.000982707063877445,-1.6285049,2
VSIG4,1.5069178825647193e-05,0.0005023059608549065,-24.03032,2
RALGPS2,1.5069178825647193e-05,0.0005023059608549065,-24.03032,2
CLEC7A,1.2284184039059333e-05,0.00043355943667268236,-23.81714,2
MZB1,1.2284184039059333e-05,0.00043355943667268236,-23.81714,2
SCGB3A2,1.1200448262292427e-05,0.00043355943667268236,-23.962646,2
FBLN1,1.1046371060822834e-05,0.00043355943667268236,-24.15697,2
DUT,1.94518193405766e-05,0.000615286444418033,-1.4010774,2
CES1,7.22502695441691e-06,0.0003096440123321533,-23.891699,2
KLRF1,7.22502695441691e-06,0.0003096440123321533,-23.891699,2
PHACTR1,7.22502695441691e-06,0.0003096440123321533,-23.891699,2
HIST1H4C,1.1651987307545844e-05,0.00043355943667268236,-1.6178582,2
COL1A2,3.906713951916124e-06,0.00018752226969197396,-24.095009,2
JUND,8.402478465610126e-06,0.00034768876409421213,-1.5625994,2
RFESD,1.4753647234328172e-06,7.817810854897181e-05,-24.095009,2
CYBB,1.4753647234328172e-06,7.817810854897181e-05,-24.095009,2
FGFBP2,1.3641994267079235e-06,7.817810854897181e-05,-24.216421,2
MAFB,8.69614735132445e-07,5.492303590310178e-05,-24.15697,2
HOXB2,1.4984137471886261e-06,7.817810854897181e-05,-2.8566458,2
S100A8,1.8277492550280575e-06,9.138746275140287e-05,-2.1480823,2
PTCH2,3.024271842896213e-07,2.0161812285974756e-05,-24.273563,2
MS4A6A,6.21336735375192e-08,4.66002551531394e-06,-24.432781,2
CXCL3,2.1648711692232258e-08,1.7318969353785806e-06,-24.530115,2
FOSB,1.242045807907186e-07,8.76738217346249e-06,-2.3368497,2
S100A12,4.213728754481797e-09,3.8895957733678126e-07,-24.74864,2
SLC2A1,1.0453565255041493e-09,1.1403889369136174e-07,-24.974392,2
PLAC8,1.4068052036297045e-08,1.2058330316826038e-06,-1.9701564,2
HMBS,5.408318723219653e-10,6.489982467863584e-08,-24.827763,2
MCM7,4.762500689667497e-11,6.350000919556663e-09,-26.149889,2
NPM1,3.301331806154474e-09,3.3013318061544736e-07,-3.0645585,2
HBA2,1.6729185876135508e-11,2.509377881420326e-09,-25.31616,2
S100A9,5.289116011798685e-12,9.067056020226317e-10,-2.512234,2
LYZ,5.921168168090593e-13,1.1842336336181185e-10,-2.7423866,2
PTP4A3,5.955843490036864e-17,2.3823373960147455e-14,-25.768833,2
IER2,5.08550697714847e-15,1.5256520931445408e-12,-2.8816102,2
PPP1R14B,2.8567467263279516e-18,3.4280960715935418e-15,-26.46864,2
LTB,4.9702542742341956e-17,2.3823373960147455e-14,-6.361055,2
CXCR4,2.4123097556678244e-18,1.8092323167508682e-16,21.335892,3
SRGN,2.747808044386344e-05,0.0003081653881554778,4.349443,3
MTRNR2L12,0.00040708664700994716,0.003126398646627013,1.918745,3
HERPUD1,0.0004090248496568264,0.003126398646627013,1.6457087,3
HSPA1B,0.0011256292983043014,0.0073013792322441165,3.2855253,3
RGS1,0.0012502712406888721,0.008050743600147667,3.3792045,3
HSP90AA1,0.0017626164827527764,0.01079152948624149,4.95378,3
IGKC,0.007612293174016503,0.03954438012476105,1.8849277,3
ARC,0.009392667819936444,0.046193448294769394,-23.566418,3
HES1,0.009007293685734564,0.044480462645602785,-23.81602,3
CDK6,0.010061055043551472,0.049278636948007215,-1.6509639,3
LEPR,0.008101717918970236,0.04017380786266233,-22.368755,3
SGCE,0.008101717918970236,0.04017380786266233,-22.368755,3
MUC20,0.008101717918970236,0.04017380786266233,-22.368755,3
CPNE5,0.008101717918970236,0.04017380786266233,-22.368755,3
CSF2RB,0.008101717918970236,0.04017380786266233,-22.368755,3
TCL1A,0.008101717918970236,0.04017380786266233,-22.368755,3
PTPRS,0.008101717918970236,0.04017380786266233,-22.368755,3
HCK,0.008101717918970236,0.04017380786266233,-22.368755,3
ALDH1A1,0.008101717918970236,0.04017380786266233,-22.368755,3
BATF3,0.008101717918970236,0.04017380786266233,-22.368755,3
UTS2,0.007584680141428853,0.03954438012476105,-23.023062,3
PLEKHG1,0.006609670854651911,0.034940991302124635,-22.73244,3
RAB32,0.006609670854651911,0.034940991302124635,-22.73244,3
NOP16,0.007861497456607962,0.04017380786266233,-2.0241795,3
RNF130,0.00728161174989495,0.03815691746669843,-2.0420198,3
PPBP,0.005790062186104133,0.030880331659222045,-25.924187,3
CCT2,0.006812983249529851,0.035857806576472896,-1.1800534,3
PF4,0.004871712709626341,0.026215494401576722,-24.215296,3
MCM7,0.005465648427138958,0.02928025943110156,-2.1777675,3
MARCH1,0.004637847066069257,0.025069443600374365,-22.561958,3
MDK,0.004637847066069257,0.025069443600374365,-22.561958,3
CKB,0.004637847066069257,0.025069443600374365,-22.561958,3
MT1G,0.004637847066069257,0.025069443600374365,-22.561958,3
NMNAT3,0.004637847066069257,0.025069443600374365,-22.561958,3
EPS8L1,0.004637847066069257,0.025069443600374365,-22.561958,3
IGHG1,0.004637847066069257,0.025069443600374365,-22.561958,3
TFR2,0.004637847066069257,0.025069443600374365,-22.561958,3
MBOAT2,0.004637847066069257,0.025069443600374365,-22.561958,3
EREG,0.00446944354554855,0.025069443600374365,-23.023062,3
GEM,0.0037256525285276256,0.0211885451859391,-23.81602,3
CRELD2,0.004088087243331174,0.023140116471685887,-1.4150844,3
SPP1,0.0026690335013269976,0.015324594265992331,-22.73244,3
CTGF,0.0026690335013269976,0.015324594265992331,-22.73244,3
MSR1,0.0026690335013269976,0.015324594265992331,-22.73244,3
GAS6,0.0026690335013269976,0.015324594265992331,-22.73244,3
LILRB2,0.0026690335013269976,0.015324594265992331,-22.73244,3
CD33,0.0026690335013269976,0.015324594265992331,-22.73244,3
CRYAB,0.0022537482696826663,0.013322649870045318,-23.023062,3
SCD,0.0022537482696826663,0.013322649870045318,-23.023062,3
ANXA2,0.0028946531039514,0.01654087487972229,-1.2217537,3
TRAP1,0.00209625389487627,0.012514948626126985,-2.2257512,3
MYB,0.0015424833539649239,0.009492205255168761,-22.885,3
PILRA,0.0015424833539649239,0.009492205255168761,-22.885,3
KRT8,0.0015424833539649239,0.009492205255168761,-22.885,3
PRSS21,0.0015424833539649239,0.009492205255168761,-22.885,3
KRT1,0.0014738288709365349,0.009259657827873517,-24.029198,3
NCL,0.0020665852002142776,0.012399511201285665,-0.8959121,3
PAICS,0.0019024660007700496,0.011588625385401318,-2.2257512,3
AP1S2,0.001927650767931133,0.011624024731243012,-1.3199235,3
GSTP1,0.0019238052201792724,0.011624024731243012,-1.0869617,3
MUC1,0.0013196766614207416,0.008334799966867841,-23.149149,3
FCN3,0.0010448399406830392,0.0068514094471018964,-23.47275,3
CRIP1,0.0013083577577814027,0.008307033382739065,-2.5515344,3
IFIT2,0.000897176109292541,0.006014588442184632,-25.56999,3
APOBEC3A,0.0008944790920430779,0.006014588442184632,-23.023062,3
MEF2C,0.0008944790920430779,0.006014588442184632,-23.023062,3
CD93,0.0008944790920430779,0.006014588442184632,-23.023062,3
EMP2,0.0008944790920430779,0.006014588442184632,-23.023062,3
FCER1A,0.0008944790920430779,0.006014588442184632,-23.023062,3
SLC25A39,0.0012545742110230114,0.008050743600147667,-1.536098,3
NPC2,0.0012815883304924645,0.00818035104569658,-1.2887408,3
RANBP1,0.001112399488313184,0.007254779271607722,-1.1750308,3
CCR10,0.0006803426061634802,0.004774334078340213,-24.7876,3
ACSS1,0.0009590249391606544,0.006323241357103215,-2.3025696,3
CD9,0.0009116937094590716,0.0060779580630604775,-2.3322663,3
CLECL1,0.0006333214642946564,0.004470504453844633,-23.566418,3
S100A8,0.0009478802989520263,0.006284289274820064,-1.396672,3
TMEM14C,0.0008919577489290352,0.006014588442184632,-1.3900687,3
TMEM176B,0.0005665544931165095,0.0040228721404722565,-23.47275,3
TMEM176A,0.0005201647729849656,0.0037154626641783253,-23.149149,3
PRC1,0.0005201647729849656,0.0037154626641783253,-23.149149,3
ABCA3,0.0005201647729849656,0.0037154626641783253,-23.149149,3
CMBL,0.0005201647729849656,0.0037154626641783253,-23.149149,3
METAP2,0.0007925513331720735,0.005529427905851676,-1.3371745,3
LGALS2,0.0004544116891700144,0.003366012512370477,-23.372658,3
CHST2,0.0004544116891700144,0.003366012512370477,-23.372658,3
S100B,0.0004404676562833315,0.0033110864100708176,-24.901752,3
PCSK1N,0.0003996477433422044,0.003114138259809385,-24.57535,3
IFIT3,0.0003459801476906721,0.0027135697858091928,-24.215296,3
HIST1H2BH,0.00033770551816097327,0.0026660961960076834,-23.566418,3
TUFT1,0.0003031997489343505,0.002430150164253404,-23.265184,3
PARD6B,0.0003031997489343505,0.002430150164253404,-23.265184,3
CD300E,0.0003031997489343505,0.002430150164253404,-23.265184,3
TRIM58,0.0003031997489343505,0.002430150164253404,-23.265184,3
MT1E,0.00031964715074721224,0.0025402422575937396,-2.8745463,3
GAPDH,0.0005063906161559672,0.003705297191385126,-2.3471475,3
MT1X,0.00044147818800944236,0.0033110864100708176,-1.4250551,3
S100A9,0.0004852045145243026,0.0035720577756390374,-1.4100664,3
TCF7L2,0.000267117684530746,0.002241547003055211,-23.47275,3
EGFL7,0.000267117684530746,0.002241547003055211,-23.47275,3
IRF8,0.00024929157289026274,0.0021216304075767044,-23.961525,3
JUNB,0.0004399169604596811,0.0033110864100708176,-3.6237025,3
ZFP36L1,0.0004090371562670342,0.003126398646627013,-1.3256125,3
PTGS2,0.00020123830643470507,0.0017626712972382925,-23.654438,3
SLC25A37,0.0003037687705316755,0.002430150164253404,-2.4319744,3
SLC7A7,0.00017708105172377912,0.0015858004631980219,-23.372658,3
PTPRE,0.00028585058290006115,0.002365659996414299,-2.4319744,3
PPP1R14B,0.00024496650357283463,0.002099712887767154,-2.499503,3
IL23A,0.0002449665035728339,0.002099712887767154,-2.499503,3
AGER,0.00015717124958140852,0.0014288295416491684,-23.566418,3
CNKSR2,0.00015717124958140852,0.0014288295416491684,-23.566418,3
HBA1,0.00015717124958140852,0.0014288295416491684,-23.566418,3
CAV1,0.00015686928750281733,0.0014288295416491684,-23.961525,3
TUBB,0.0002765309868586224,0.0023044248904885204,-1.1398474,3
SOCS2,0.0002439874863446469,0.002099712887767154,-2.4593349,3
SERPINF1,0.00011988761202343546,0.001146855952362413,-23.73746,3
AREG,0.0001732490929149134,0.0015631497105104966,-2.6003072,3
TM4SF1,0.0001035952995784658,0.0010106858495460079,-23.47275,3
TPPP3,0.0001035952995784658,0.0010106858495460079,-23.47275,3
MT2A,0.00013595962200064536,0.0012846578456753891,-1.584569,3
RAN,0.00019523608034720106,0.001722671297181186,-1.2768954,3
CDKN1C,9.09178397774279e-05,0.0009016645267182933,-24.215296,3
S100A11,0.0001858738301323089,0.0016522118233983011,-1.6748145,3
MS4A1,8.432550107502926e-05,0.0008432550107502926,-23.890577,3
IFIT1,8.432550107502926e-05,0.0008432550107502926,-23.890577,3
GZMK,0.00010473265861570546,0.0010135418575713431,-2.2081847,3
RGS18,7.140684258294421e-05,0.0007261712805045175,-23.81602,3
MYL9,7.140684258294421e-05,0.0007261712805045175,-23.81602,3
MKRN1,0.0001479120197532253,0.0013866751851864872,-1.8025452,3
CCDC144A,6.06911866431209e-05,0.0006278398618253887,-23.566418,3
LIMS1,0.00012041987499805336,0.001146855952362413,-1.7323533,3
CD36,4.252209082723096e-05,0.0004515620264838686,-23.890577,3
HEMGN,3.439606650905959e-05,0.0003786722918428579,-24.093885,3
RND1,2.2553610343319192e-05,0.0002553238906790852,-24.215296,3
SSR4,5.765611024212809e-05,0.0006016289764395974,-1.1610287,3
MPEG1,2.090298320675268e-05,0.00023889123664860205,-23.73746,3
IGSF6,2.090298320675268e-05,0.00023889123664860205,-23.73746,3
ZWINT,1.9484923708763685e-05,0.0002292343965736904,-24.528988,3
ITGB1,4.4539810078847625e-05,0.00046884010609313286,-1.3667339,3
FTH1,4.0911820897779814e-05,0.0004422899556516737,-4.316176,3
RALGPS2,1.5069877281250526e-05,0.00018266517916667302,-24.029198,3
CD79B,3.231670909138332e-05,0.0003590745454598147,-2.638614,3
MIF,4.1785407781619785e-05,0.00044770079766021196,-1.4333723,3
PA2G4,3.645990506189467e-05,0.0003977444188570328,-1.3179091,3
SCGB3A2,1.1201001724160846e-05,0.00013856909349477337,-23.961525,3
TTC38,8.968807258726057e-06,0.00011329019695232914,-24.093885,3
NME4,2.055026505098026e-05,0.00023889123664860205,-2.6626453,3
KLRF1,7.225418025675114e-06,9.223937905117166e-05,-23.890577,3
PHACTR1,7.225418025675114e-06,9.223937905117166e-05,-23.890577,3
MINPP1,5.336776703776096e-06,6.961013091881865e-05,-24.155844,3
GLRX5,1.4433565816496802e-05,0.00017673754061016492,-2.2841623,3
TKT,1.570652620097362e-05,0.00018847831441168346,-1.5135305,3
S100A6,1.6954197624287337e-05,0.00020143601137767133,-2.602094,3
NEAT1,9.358484037401024e-06,0.0001169810504675128,-1.5859368,3
CLIC5,2.5042803691075873e-06,3.33904049214345e-05,-24.029198,3
RASGRP3,2.5042803691075873e-06,3.33904049214345e-05,-24.029198,3
PHGDH,2.386646462444665e-06,3.254517903333634e-05,-24.327444,3
HVCN1,1.8885310978814454e-06,2.6048704798364766e-05,-24.272438,3
CYBB,1.4754725216073237e-06,2.058798867359056e-05,-24.093885,3
CD79A,1.364300479784055e-06,1.9490006854057925e-05,-24.215296,3
SPARCL1,8.696843185071193e-07,1.2884212126031397e-05,-24.155844,3
MAFB,8.696843185071193e-07,1.2884212126031397e-05,-24.155844,3
VDAC3,2.7633247103497555e-06,3.643944672988688e-05,-2.0091689,3
HIST1H2AG,5.127985784904913e-07,7.889208899853711e-06,-24.215296,3
FAM89A,4.767757034917688e-07,7.430270703767826e-06,-24.327444,3
FOSB,1.4515205455383916e-06,2.0492054760542e-05,-2.1335738,3
LST1,1.3133218078426953e-06,1.898778517362933e-05,-2.4677958,3
IL4I1,3.2538852779889006e-07,5.1377135968245795e-06,-24.937935,3
PTCH2,3.0245587895560335e-07,4.839294063289654e-06,-24.272438,3
SLC40A1,9.286535574267295e-07,1.3590052059903358e-05,-2.9259624,3
MOB3C,2.3594020419639516e-07,3.878469110077728e-06,-24.481123,3
KRT18,1.7843715791897872e-07,3.0158392887714715e-06,-24.327444,3
DUT,8.354990542897589e-07,1.2691124875287478e-05,-1.8346082,3
FCGR3A,1.30584871811476e-07,2.2710412488952347e-06,-25.286982,3
LYN,1.05292363197913e-07,1.8581005270219942e-06,-24.38047,3
TNFRSF4,2.4205225094754043e-07,3.925171636987142e-06,-2.7108285,3
CPPED1,9.857484980167018e-08,1.7655196979403614e-06,-24.481123,3
RTKN2,8.728244736605926e-08,1.5869535884738046e-06,-25.616201,3
MYOM2,5.115657731495401e-08,9.591858246553876e-07,-25.369583,3
COTL1,1.9987612899270226e-07,3.331268816545038e-06,-1.7556018,3
CENPM,3.5102431484160705e-08,6.905396357539811e-07,-24.826633,3
FGR,3.4473192788962256e-08,6.894638557792451e-07,-24.57535,3
HMGB1,1.3865237156726298e-07,2.3768977982959367e-06,-1.8459336,3
ALDH2,8.304748808093567e-09,1.7483681701249614e-07,-24.826633,3
AIF1,5.0887888911185545e-08,9.591858246553876e-07,-2.2917624,3
IFI30,7.665566120747747e-09,1.6724871536176906e-07,-25.13833,3
ATAD3A,6.143182066313464e-09,1.365151570291881e-07,-24.7876,3
LXN,6.143182066313464e-09,1.365151570291881e-07,-24.7876,3
RECK,4.454844288626293e-09,1.0691626292703104e-07,-24.66393,3
S100A12,4.214438444507335e-09,1.0321073741650617e-07,-24.74751,3
SERBP1,7.518301100096041e-08,1.3879940492484998e-06,-1.7224568,3
GNLY,3.3422420290719203e-09,8.3556050726798e-08,-4.4023185,3
PCCB,2.7916334483940575e-09,7.127574761857168e-08,-25.007767,3
RGL4,1.8720444285759473e-08,3.8075479903239605e-07,-3.1167727,3
CPOX,2.161599840522771e-09,5.638956105711577e-08,-24.864666,3
GYPC,3.8537512155573874e-08,7.458873320433653e-07,-1.6164383,3
UROS,9.438419851836954e-09,1.9527765210697146e-07,-3.1524072,3
CD14,8.705207793373632e-10,2.3741475800109903e-08,-24.864666,3
BRI3,8.152807830694195e-09,1.74703024943447e-07,-3.1611967,3
LMO7,7.598205341706378e-10,2.1204293976855007e-08,-24.937935,3
MNDA,3.192657666953125e-10,9.121879048437498e-09,-24.864666,3
S100A4,5.680535505132269e-09,1.3108928088766774e-07,-6.47967,3
SUB1,5.238214807752302e-09,1.2325211312358357e-07,-1.7519482,3
DCAF12,6.264781306624344e-11,1.927625017422875e-09,-25.041494,3
CLIC3,2.482371955804238e-11,8.05093607287861e-10,-25.369583,3
NCOA7,1.7619968605750142e-10,5.157063982170774e-09,-3.3515,3
PTMA,1.648259726499755e-09,4.395359270666013e-08,-7.0635695,3
ALAD,4.4866758528856035e-12,1.4955586176285345e-10,-25.199572,3
JUND,5.082196868729903e-11,1.6049042743357587e-09,-2.2124279,3
FCN1,9.198719036771176e-13,3.449519638789191e-11,-25.286982,3
VIM,1.2089611480051286e-10,3.626883444015386e-09,-4.4090505,3
ARV1,1.9528841091564513e-13,7.811536436625805e-12,-25.315023,3
CHI3L2,9.383640942765118e-14,3.882885907351084e-12,-26.0319,3
LPCAT3,7.076675649206974e-14,3.0328609925172743e-12,-25.546345,3
IER2,4.367141464896049e-12,1.4955586176285345e-10,-3.020268,3
CCT6A,2.3172980492911413e-12,8.426538361058695e-11,-2.815595,3
PSMG1,1.4453549702572116e-15,6.42379986780983e-14,-25.746948,3
CD52,3.4846397985673957e-12,1.2298728700826102e-10,-5.299073,3
VSIG1,5.467455794401872e-16,2.523441135877787e-14,-25.638788,3
PTP4A3,5.960148728947722e-17,3.4057992736844123e-15,-25.767689,3
SLC39A3,5.960148728947722e-17,3.4057992736844123e-15,-25.767689,3
RUVBL2,4.8856240402251644e-17,3.0856572885632617e-15,-25.905478,3
UBAC1,2.050994746473761e-17,1.3673298309825072e-15,-25.80834,3
FTL,3.33115673372083e-13,1.2894800259564503e-11,-4.899505,3
ISOC2,2.070174592837343e-18,1.6561396742698744e-16,-26.014463,3
FBLN5,9.570765752779234e-19,8.2035135023822e-17,-26.066193,3
LYZ,5.023681280413767e-16,2.4747517680363817e-14,-3.1476595,3
RUFY1,3.703478153882432e-19,3.418595218968399e-17,-26.014463,3
REXO2,3.1862197093134415e-16,1.662375500511361e-14,-3.8025546,3
PASK,7.28641767728812e-18,5.143353654556321e-16,-4.1013026,3
SCGB3A1,2.7092775975480794e-19,2.7092775975480792e-17,-26.95979,3
IL32,5.155732850075795e-16,2.4747517680363817e-14,-4.913731,3
PRDX2,8.764404423766839e-17,4.7805842311455484e-15,-2.5778756,3
FXN,1.741963590143577e-24,3.4839271802871535e-22,-26.344824,3
CCR7,5.567380229319446e-20,6.680856275183336e-18,-3.5045602,3
PLAC8,3.35439682670042e-23,5.750394560057863e-21,-3.3068662,3
ACTB,8.153328648729942e-23,1.2229992973094913e-20,-16.23709,3
YBX1,1.5627878536251252e-20,2.0837171381668337e-18,-3.167679,3
HNRNPA1,6.995742925416922e-20,7.631719555000279e-18,-4.606908,3
ACTG1,8.629010417142068e-27,2.5887031251426204e-24,-6.3174553,3
NPM1,3.81912927202936e-25,9.165910252870464e-23,-4.7439804,3
MAP2K2,5.043045320673489e-42,2.0172181282693954e-39,-27.61968,3
SELL,1.437571557226237e-80,8.625429343357421e-78,-6.576321,3
LTB,4.449273653693406e-93,5.339128384432087e-90,-9.079083,3
CXCR4,4.365814485059822e-10,2.7047265100240462e-08,9.312427,4
SRGN,0.00037587989214116305,0.005434408079149345,4.7133484,4
ID2,0.0017887925659088105,0.01879594662402955,3.0824392,4
ALOX5AP,0.0027053710741790477,0.025971562312118855,1.6141059,4
ZFP36,0.003431203626492726,0.03191817326969978,4.1048794,4
RGS1,0.00428445785265387,0.0389496168423079,5.2860074,4
PPBP,0.005790230251987138,0.04791914691299701,-25.918459,4
PF4,0.004871869343433635,0.04117072684591804,-24.209688,4
MARCH1,0.0046380004428876595,0.039472344194788594,-22.556385,4
TFR2,0.0046380004428876595,0.039472344194788594,-22.556385,4
MT1G,0.0046380004428876595,0.039472344194788594,-22.556385,4
EPS8L1,0.0046380004428876595,0.039472344194788594,-22.556385,4
VMO1,0.0046380004428876595,0.039472344194788594,-22.556385,4
KRT6A,0.0046380004428876595,0.039472344194788594,-22.556385,4
NMNAT3,0.0046380004428876595,0.039472344194788594,-22.556385,4
MBOAT2,0.0046380004428876595,0.039472344194788594,-22.556385,4
MDK,0.0046380004428876595,0.039472344194788594,-22.556385,4
TRAP1,0.005235125807948845,0.04362604839957371,-2.0976605,4
RHOB,0.005035484128077823,0.042255810864988724,-1.744045,4
GEM,0.00372579156014838,0.03439192209367735,-23.810423,4
FTL,0.003942317147050733,0.03611282882794564,-1.920467,4
CPA3,0.002669151672518031,0.025830500056626106,-22.726866,4
RETN,0.002669151672518031,0.025830500056626106,-22.726866,4
LILRB2,0.002669151672518031,0.025830500056626106,-22.726866,4
SPP1,0.002669151672518031,0.025830500056626106,-22.726866,4
GAS6,0.002669151672518031,0.025830500056626106,-22.726866,4
CD33,0.002669151672518031,0.025830500056626106,-22.726866,4
IRF7,0.0033973896652431416,0.03191817326969978,-1.7748864,4
S100A9,0.0034216350970541222,0.03191817326969978,-1.1175328,4
SCD,0.0022538565179099908,0.023116477106769135,-23.017483,4
CRYAB,0.0022538565179099908,0.023116477106769135,-23.017483,4
HIST1H4C,0.0029467670061182555,0.02806444767731672,-1.6211305,4
NME1,0.002380570993948481,0.024209196548628624,-1.8151152,4
FSCN1,0.0015929743273418017,0.01691654152929347,-23.259602,4
PILRA,0.0015425712916705909,0.016568792419390684,-22.879423,4
SLC34A2,0.0015425712916705909,0.016568792419390684,-22.879423,4
S100A2,0.0015425712916705909,0.016568792419390684,-22.879423,4
MYB,0.0015425712916705909,0.016568792419390684,-22.879423,4
KRT1,0.0014739145607953748,0.01652988292480794,-24.023594,4
RAN,0.0018012782181361655,0.01879594662402955,-1.0502939,4
CCT2,0.0015464206258097972,0.016568792419390684,-1.4942558,4
APOD,0.0009502336087958777,0.010757361609009936,-23.367071,4
IFIT2,0.0008972399855869557,0.010352769064464872,-25.564299,4
MEF2C,0.0008945428508191062,0.010352769064464872,-23.017483,4
APOBEC3A,0.0008945428508191062,0.010352769064464872,-23.017483,4
EMP2,0.0008945428508191062,0.010352769064464872,-23.017483,4
FCER1A,0.0008945428508191062,0.010352769064464872,-23.017483,4
SLC29A1,0.0008945428508191062,0.010352769064464872,-23.017483,4
CD93,0.0008945428508191062,0.010352769064464872,-23.017483,4
CCR10,0.0006803963927766622,0.008504954909708278,-24.781965,4
TMEM176B,0.000566602361093086,0.007157082455912666,-23.467163,4
PLAC8,0.0009215486956718807,0.010531985093392923,-1.3243462,4
PPP1R14B,0.0007683144612303729,0.009504921169860283,-2.3713706,4
ABCA3,0.0005202100730661085,0.006640979656163087,-23.143568,4
PRC1,0.0005202100730661085,0.006640979656163087,-23.143568,4
CXCL1,0.0005202100730661085,0.006640979656163087,-23.143568,4
AGR2,0.0005202100730661085,0.006640979656163087,-23.143568,4
SNCA,0.0005202100730661085,0.006640979656163087,-23.143568,4
CMBL,0.0005202100730661085,0.006640979656163087,-23.143568,4
TMEM176A,0.0005202100730661085,0.006640979656163087,-23.143568,4
PCOLCE,0.0005202100730661085,0.006640979656163087,-23.143568,4
S100B,0.0004405082946082317,0.006146627366626489,-24.89611,4
PCSK1N,0.00039968585299664656,0.005709797899952093,-24.569727,4
IFIT3,0.00034601476146822735,0.0050636306556325955,-24.209688,4
HIST1H2BH,0.0003377395736464428,0.0050035492392065594,-23.560827,4
PARD6B,0.00030323141422867767,0.004548471213430165,-23.259602,4
TCF7L2,0.0002671467318915642,0.004057925041390849,-23.467163,4
JUN,0.00041879418451216504,0.005912388487230565,-2.7352595,4
PTGS2,0.00020126219193790888,0.0030963414144293674,-23.648846,4
SLC7A7,0.00017710289144470467,0.0027963614438637576,-23.367071,4
AGER,0.0001571913267811319,0.0025150612284981105,-23.560827,4
HBA1,0.0001571913267811319,0.0025150612284981105,-23.560827,4
CSF3R,0.00010361019412784744,0.001745438314098245,-23.467163,4
C15orf48,0.00010361019412784744,0.001745438314098245,-23.467163,4
IFIT1,8.433832303608687e-05,0.0014883233476956506,-23.88498,4
MS4A1,8.433832303608665e-05,0.0014883233476956506,-23.88498,4
YBX1,0.00018173231347201157,0.0028321918982651155,-1.4593767,4
CD79B,0.00013871410083272185,0.002280231794510496,-2.5104573,4
RGS18,7.141819020007086e-05,0.0012985125490921974,-23.810423,4
CCDC144A,6.0701247727660766e-05,0.0011206384195875834,-23.560827,4
PLA2G2A,6.0701247727660766e-05,0.0011206384195875834,-23.560827,4
KCTD12,5.4553515762054895e-05,0.0010558744986204174,-23.731865,4
NME4,9.532670026341834e-05,0.0016578556567551014,-2.5344844,4
CD36,4.252980036132243e-05,0.0008366518103866707,-23.88498,4
PA2G4,0.0001047262988458947,0.001745438314098245,-1.3832206,4
TNFAIP2,3.5605914111564494e-05,0.0007121182822312899,-23.648846,4
RASD1,3.5204490026217964e-05,0.0007121182822312899,-24.89611,4
HEMGN,3.440263292463052e-05,0.0007117786122337349,-24.088282,4
CCL2,3.057846139648786e-05,0.0006437570820313234,-24.023594,4
TNFRSF12A,3.057846139648786e-05,0.0006437570820313234,-24.023594,4
IGSF6,2.0907465921741223e-05,0.00045616289283799036,-23.731865,4
ZWINT,1.9489169246246367e-05,0.000433092649916586,-24.523367,4
HNRNPA1,5.6744851026304526e-05,0.0010808543052629434,-2.2788508,4
RALGPS2,1.5073353772533335e-05,0.0003445481387636484,-24.023594,4
CLEC7A,1.2287741581227052e-05,0.00028912333132298946,-23.810423,4
FBLN1,1.1049643444526798e-05,0.0002651914426686432,-24.150238,4
CD8B,1.5217542795394469e-05,0.0003445481387636484,-2.924249,4
TTC38,8.971118517949909e-06,0.00021970086166407942,-24.088282,4
PHACTR1,7.227364581603211e-06,0.00018068411454008027,-23.88498,4
KLRF1,7.227364581603211e-06,0.00018068411454008027,-23.88498,4
MINPP1,5.338304417306451e-06,0.00013926011523408133,-24.150238,4
RASGRP3,2.505108447177769e-06,6.680289192474051e-05,-24.023594,4
PHGDH,2.3874426483098712e-06,6.511207222663285e-05,-24.32183,4
HVCN1,1.889188442999447e-06,5.272153794417061e-05,-24.266827,4
RFESD,1.476009113147191e-06,4.21716889470626e-05,-24.088282,4
CYBB,1.476009113147191e-06,4.21716889470626e-05,-24.088282,4
CLDN5,1.4308069956308223e-06,4.21716889470626e-05,-24.374855,4
FGFBP2,1.3648034972986567e-06,4.199395376303559e-05,-24.209688,4
MAFB,8.700306929716225e-07,2.821721166394451e-05,-24.150238,4
HIST1H2AG,5.130213767753125e-07,1.810663682736397e-05,-24.209688,4
FAM89A,4.769852911693288e-07,1.7344919678884685e-05,-24.32183,4
IER5,1.2031136689438196e-06,3.799306322980483e-05,-2.5106757,4
TPM2,2.820373605774659e-07,1.057640102165497e-05,-24.374855,4
MOB3C,2.3605596161629074e-07,9.137650127082222e-06,-24.475504,4
KRT18,1.7852846173866128e-07,7.14113846954645e-06,-24.32183,4
ECI2,6.730106309425067e-07,2.3074650203743084e-05,-2.914859,4
LTB,7.263761453371472e-07,2.4212538177904908e-05,-5.3189454,4
MYOM2,5.118785898593263e-08,2.118118302866178e-06,-25.36391,4
FGR,3.4495425420778624e-08,1.4783753751762267e-06,-24.569727,4
CD68,2.0400039725264735e-08,9.066684322339883e-07,-24.614677,4
ALDH2,8.311169455384447e-09,3.989361338584535e-07,-24.820995,4
S100A12,4.217972008972578e-09,2.108986004486289e-07,-24.741879,4
SLC2A1,1.0465885132181319e-09,5.460461808094602e-08,-24.967615,4
LMO7,7.605921869023096e-10,4.1486846558307795e-08,-24.932293,4
HMBS,5.415157350040655e-10,3.09437562859466e-08,-24.820995,4
G0S2,4.5078775167067437e-10,2.7047265100240462e-08,-24.967615,4
NPM1,1.2884447242273591e-08,5.946667957972427e-07,-2.926132,4
TNFSF13B,1.3074631028364945e-10,9.229151314139962e-09,-25.19391,4
SLC38A5,1.1131040003652417e-10,8.348280002739312e-09,-24.932293,4
VCAN,2.1868515743109397e-11,1.7494812594487516e-09,-25.10109,4
HBA2,1.6758787494041543e-11,1.436467499489275e-09,-25.309355,4
IER2,1.7774402780156317e-10,1.1849601853437546e-08,-2.565483,4
WARS,3.200806736607131e-13,3.200806736607131e-11,-25.33688,4
NUP214,8.62535371876016e-14,9.409476784101992e-12,-25.492233,4
METTL13,6.538144153216915e-14,7.845772983860298e-12,-25.416557,4
HSD17B7,7.833860155283674e-15,1.1750790232925511e-12,-25.51664,4
JUND,4.888656997262768e-13,4.5126064590117854e-11,-2.3662388,4
VSIG1,5.484708508006487e-16,1.0969417016012974e-13,-25.633091,4
RUVBL2,4.903426009464878e-17,1.1768222422715707e-14,-25.899752,4
S100A8,3.389837802875222e-15,5.811150519214666e-13,-3.3625271,4
HBB,1.2166040061822343e-18,4.866416024728937e-16,-26.587593,4
SELL,1.665000276464783e-14,2.220000368619711e-12,-3.1581419,4
FOSB,2.092917050457399e-18,6.278751151372196e-16,-3.275297,4
FXN,1.7561973729928255e-24,1.0537184237956952e-21,-26.339039,4
LST1,2.159144463028107e-34,2.590973355633728e-31,-27.44269,4
