Number	Str_ID	Assays	Transcripts	Genes	Tissues	Cell	Condition	Dornor	Organism	Source	Inclusion
1	Xenium_V1_hLung_cancer_section_outs	Xenium	25,774,030	377	Lung	150,365	Lung  Cancer	1	Human	https://www.10xgenomics.com/datasets/human-lung-cancer-preview-data-xenium-human-multi-tissue-and-cancer-panel-1-standard	y
8	Xenium_Preview_Human_Non_diseased_Lung_With_Add_on_FFPE_outs	Xenium	23,994,997	392	Lung	295,883	Healthy	1	Human	https://www.10xgenomics.com/datasets/xenium-human-lung-preview-data-1-standard	y
9	Xenium_Preview_Human_Lung_Cancer_With_Add_on_2_FFPE_outs	Xenium	67,334,982	392	Lung	531,165	Lung  Cancer	1	Human	https://www.10xgenomics.com/datasets/xenium-human-lung-preview-data-1-standard	y
10	Xenium_V1_FFPE_Human_Brain_Healthy_With_Addon_outs	Xenium	6,011,583	319	Brain	24,406	Healthy	1	Human	https://www.10xgenomics.com/datasets/xenium-human-brain-preview-data-1-standard	y
11	Xenium_V1_FFPE_Human_Brain_Glioblastoma_With_Addon_outs	Xenium	13,324,742	319	Brain	40,887	Glioblastoma	1	Human	https://www.10xgenomics.com/datasets/xenium-human-brain-preview-data-1-standard	y
12	Xenium_V1_FFPE_Human_Brain_Alzheimers_With_Addon_outs	Xenium	14,006,920	354	Brain	44,955	Alzheimer's Disease	1	Human	https://www.10xgenomics.com/datasets/xenium-human-brain-preview-data-1-standard	y
13	Xenium_V1_FFPE_Human_Breast_IDC_With_Addon_outs	Xenium	77,995,296	380	Breast	576,963	Breast Cancer (IDC)	1	Human	https://www.10xgenomics.com/datasets/xenium-ffpe-human-breast-with-custom-add-on-panel-1-standard	y
14	Xenium_V1_hPancreas_Cancer_Add_on_FFPE_outs	Xenium	23,926,081	474	Pancreas	190,965	pancreatic cancer	1	Human	https://www.10xgenomics.com/datasets/pancreatic-cancer-with-xenium-human-multi-tissue-and-cancer-panel-1-standard	y
15	Xenium_V1_human_Pancreas_FFPE_outs	Xenium	7,170,423	377	Pancreas	140,702	Healthy	1	Human	https://www.10xgenomics.com/datasets/ffpe-human-pancreas-with-xenium-multimodal-cell-segmentation-1-standard	y
16	Xenium_V1_hTonsil_reactive_follicular_hyperplasia_section_FFPE_outs	Xenium	76,442,046	377	Tonsil	1,349,620	Reactive follicular hyperplasia	1	Human	https://www.10xgenomics.com/datasets/human-tonsil-data-xenium-human-multi-tissue-and-cancer-panel-1-standard	y
17	Xenium_V1_hTonsil_follicular_lymphoid_hyperplasia_section_FFPE_outs	Xenium	59,177,361	377	Tonsil	864,388	Follicular lymphoid hyperplasia	1	Human	https://www.10xgenomics.com/datasets/human-tonsil-data-xenium-human-multi-tissue-and-cancer-panel-1-standard	y
18	Xenium_V1_hSkin_nondiseased_section_1_FFPE_outs	Xenium	2,113,721	377	Skin	68,476	Healthy	1	Human	https://www.10xgenomics.com/datasets/human-skin-data-xenium-human-multi-tissue-and-cancer-panel-1-standard	y
19	Xenium_V1_hSkin_nondiseased_section_2_FFPE_outs	Xenium	1,797,665	377	Skin	90,106	Healthy	1	Human	https://www.10xgenomics.com/datasets/human-skin-data-xenium-human-multi-tissue-and-cancer-panel-1-standard	y
20	Xenium_V1_hLiver_nondiseased_section_FFPE_outs	Xenium	21,208,519	377	Liver	239,271	Healthy	1	Human	https://www.10xgenomics.com/datasets/human-liver-data-xenium-human-multi-tissue-and-cancer-panel-1-standard	y
21	Xenium_V1_hLiver_cancer_section_FFPE_outs	Xenium	21,223,431	377	Liver	162,628	Liver cancer	1	Human	https://www.10xgenomics.com/datasets/human-liver-data-xenium-human-multi-tissue-and-cancer-panel-1-standard	y
22	Xenium_V1_hHeart_nondiseased_section_FFPE_outs	Xenium	2,113,772	377	Heart	26,366	Healthy	1	Human	https://www.10xgenomics.com/datasets/human-heart-data-xenium-human-multi-tissue-and-cancer-panel-1-standard	y
23	Xeniumranger_V1_hSkin_Melanoma_Add_on_FFPE_outs	Xenium	13,706,786	382	Skin	87,499	Melanoma	1	Human	https://www.10xgenomics.com/datasets/human-skin-preview-data-xenium-human-skin-gene-expression-panel-add-on-1-standard	y
24	Xenium_V1_hSkin_Melanoma_Base_FFPE_outs	Xenium	20,385,532	282	Skin	106,980	Melanoma	1	Human	https://www.10xgenomics.com/datasets/human-skin-preview-data-xenium-human-skin-gene-expression-panel-1-standard	y
25	Xenium_V1_hColon_Non_diseased_Base_FFPE_outs	Xenium	23,484,253	425	Colon	270,984	Healthy	1	Human	https://www.10xgenomics.com/datasets/human-colon-preview-data-xenium-human-colon-gene-expression-panel-1-standard	y
26	Xenium_V1_hColon_Non_diseased_Add_on_FFPE_outs	Xenium	32,106,157	425	Colon	275,822	Healthy	1	Human	https://www.10xgenomics.com/datasets/human-colon-preview-data-xenium-human-colon-gene-expression-panel-1-standard	y
27	Xenium_V1_hColon_Cancer_Base_FFPE_outs	Xenium	56,506,816	425	Colon	647,524	stage 2A adenocarcinoma	1	Human	https://www.10xgenomics.com/datasets/human-colon-preview-data-xenium-human-colon-gene-expression-panel-1-standard	y
28	Xenium_V1_hColon_Cancer_Add_on_FFPE_outs	Xenium	70,596,272	425	Colon	587,115	stage 2A adenocarcinoma	1	Human	https://www.10xgenomics.com/datasets/human-colon-preview-data-xenium-human-colon-gene-expression-panel-1-standard	y
30	Xenium_V1_hLung_cancer_section_outs	Xenium	25,774,030	377	Lung	150,365	Lung Carcinoma	1	Human	https://www.10xgenomics.com/datasets/human-lung-cancer-preview-data-xenium-human-multi-tissue-and-cancer-panel-1-standard	y
31	Xenium_V1_hLymphNode_nondiseased_section_outs	Xenium	18,576,746	377	Lymph Node	377,985	Healthy	1	Human	https://www.10xgenomics.com/datasets/human-lymph-node-preview-data-xenium-human-multi-tissue-and-cancer-panel-1-standard	y
33	Xenium_V1_humanLung_Cancer_FFPE_outs	Xenium	10,605,483	377	Lung	162,254	Lung Cancer	1	Human	https://www.10xgenomics.com/datasets/preview-data-ffpe-human-lung-cancer-with-xenium-multimodal-cell-segmentation-1-standard	y
34	Xenium_Prime_Human_Ovary_FF_outs	Xenium	2,163,771,250	5001	Ovary	1,157,659	Adenocarcinoma	1	Human	https://www.10xgenomics.com/datasets/xenium-prime-fresh-frozen-human-ovary	y
35	Xenium_Prime_Ovarian_Cancer_FFPE_outs	Xenium	120,455,566	5001	Ovary	407,124	Ovarian cancer	1	Human	https://www.10xgenomics.com/datasets/xenium-prime-ffpe-human-ovarian-cancer	y
36	Xenium_Prime_Cervical_Cancer_FFPE_outs	Xenium	89,640,525	5001	Cervix	840,387	Cervical cancer	1	Human	https://www.10xgenomics.com/datasets/xenium-prime-ffpe-human-cervical-cancer	y
38	Xenium_Prime_Human_Skin_FFPE_outs	Xenium	63,114,400	5006	Skin	112,551	Melanoma	1	Human	https://www.10xgenomics.com/datasets/xenium-prime-ffpe-human-skin	y
39	Xenium_Prime_Human_Prostate_FFPE_outs	Xenium	53,257,609	5006	Prostate	193,000	Adenocarcinoma	1	Human	https://www.10xgenomics.com/datasets/xenium-prime-ffpe-human-prostate	y
40	Xenium_Prime_Human_Lymph_Node_Reactive_FFPE_outs	Xenium	202,153,544	4624	Lymph Node	708,983	Reactive	1	Human	https://www.10xgenomics.com/datasets/preview-data-xenium-prime-gene-expression	y
41	Xenium_V1_Human_Ovarian_Cancer_Addon_FFPE_outs	Xenium	16,727,805	380	Ovary	247,636	Ovarian Cancer	1	Human	https://www.10xgenomics.com/datasets/ffpe-human-ovarian-cancer-data-with-human-immuno-oncology-profiling-panel-and-custom-add-on-1-standard	y
42	Xenium_V1_Human_Lung_Cancer_Addon_FFPE_outs	Xenium	32,069,615	380	Lung	161,000	Lung Cancer	1	Human	https://www.10xgenomics.com/datasets/ffpe-human-lung-cancer-data-with-human-immuno-oncology-profiling-panel-and-custom-add-on-1-standard	y
43	Xenium_V1_Human_Ductal_Adenocarcinoma_FFPE_outs	Xenium	17,288,420	380	Pancreas	235,099	Ductal Adenocarcinoma	1	Human	https://www.10xgenomics.com/datasets/ffpe-human-ductal-adenocarcinoma-data-with-human-immuno-oncology-profiling-panel-1-standard	y
44	Xenium_V1_Human_Colorectal_Cancer_Addon_FFPE_outs	Xenium	40,150,499	380	Colon	388,175	Colorectal Cancer	1	Human	https://www.10xgenomics.com/datasets/ffpe-human-colorectal-cancer-data-with-human-immuno-oncology-profiling-panel-and-custom-add-on-1-standard	y
45	Xenium_V1_Human_Brain_GBM_FFPE_outs	Xenium	161,795,999	380	Brain	816,769	Glioblastoma multiforme	1	Human	https://www.10xgenomics.com/datasets/ffpe-human-brain-cancer-data-with-human-immuno-oncology-profiling-panel-and-custom-add-on-1-standard	y
49	Xenium_V1_hBoneMarrow_acute_lymphoid_leukemia_section_outs	Xenium	6,933,297	477	Bone Marrow	225,906	Acute Lymphoid Leukemia bone marrow	1	Human	https://www.10xgenomics.com/datasets/human-bone-and-bone-marrow-data-with-custom-add-on-panel-1-standard	y
50	Xenium_V1_hBoneMarrow_nondiseased_section_outs	Xenium	880,224	477	Bone Marrow	84,518	Healthy	1	Human	https://www.10xgenomics.com/datasets/human-bone-and-bone-marrow-data-with-custom-add-on-panel-1-standard	y
51	Xenium_V1_hBone_nondiseased_section_outs	Xenium	1,069,690	477	Femur/Bone	33,801	Healthy	1	Human	https://www.10xgenomics.com/datasets/human-bone-and-bone-marrow-data-with-custom-add-on-panel-1-standard	y
55	Xenium_V1_FFPE_Human_Breast_IDC_Big_1_outs	Xenium	105,584,672	280	Breast	892,966	Breast Cancer	1	Human	https://www.10xgenomics.com/datasets/ffpe-human-breast-using-the-entire-sample-area-1-standard	y
56	Xenium_V1_FFPE_Human_Breast_IDC_Big_2_outs	Xenium	100,634,191	280	Breast	885,523	Breast Cancer	1	Human	https://www.10xgenomics.com/datasets/ffpe-human-breast-using-the-entire-sample-area-1-standard	y
57	Xenium_V1_FFPE_Human_Breast_IDC_With_Addon_outs	Xenium	80,038,239	380	Breast	574,527	Breast Cancer	1	Human	https://www.10xgenomics.com/datasets/ffpe-human-breast-with-custom-add-on-panel-1-standard	y
58	Xenium_V1_FFPE_Human_Breast_ILC_With_Addon_outs	Xenium	44,455,657	380	Breast	365,604	Breast Cancer	1	Human	https://www.10xgenomics.com/datasets/ffpe-human-breast-with-custom-add-on-panel-1-standard	y
59	Xenium_V1_FFPE_Human_Breast_IDC_outs	Xenium	68,113,826	280	Breast	574,852	Breast Cancer	1	Human	https://www.10xgenomics.com/datasets/ffpe-human-breast-with-pre-designed-panel-1-standard	y
60	Xenium_V1_FFPE_Human_Breast_ILC_outs	Xenium	36,519,833	280	Breast	356,746	Breast Cancer	1	Human	https://www.10xgenomics.com/datasets/ffpe-human-breast-with-pre-designed-panel-1-standard	y
61	Xenium_V1_hPancreas_nondiseased_section_outs	Xenium	12,632,487	377	Pancreas	103,901	Healthy	1	Human	https://www.10xgenomics.com/datasets/human-pancreas-preview-data-xenium-human-multi-tissue-and-cancer-panel-1-standard	y
62	Xenium_V1_hKidney_nondiseased_section_outs	Xenium	6,721,196	377	Kidney	97,560	Healthy	1	Human	https://www.10xgenomics.com/datasets/human-kidney-preview-data-xenium-human-multi-tissue-and-cancer-panel-1-standard	y
63	Xenium_V1_hKidney_cancer_section_outs	Xenium	4,052,443	377	Kidney	56,510	Papillary Renal Cell Carcinoma	1	Human	https://www.10xgenomics.com/datasets/human-kidney-preview-data-xenium-human-multi-tissue-and-cancer-panel-1-standard	y